Location,Date,Value
DEU,1982-06,9.1
DEU,1982-07,9.3
DEU,1982-08,9
DEU,1982-09,8.6
DEU,1982-10,8.3
DEU,1982-11,8.2
DEU,1982-12,7.9
DEU,1983-01,7.8
DEU,1983-02,7.8
DEU,1983-03,7.6
DEU,1983-04,7.7
DEU,1983-05,7.8
DEU,1983-06,8.2
DEU,1983-07,8.2
DEU,1983-08,8.4
DEU,1983-09,8.5
DEU,1983-10,8.3
DEU,1983-11,8.3
DEU,1983-12,8.4
DEU,1984-01,8.4
DEU,1984-02,8.2
DEU,1984-03,8.1
DEU,1984-04,8.1
DEU,1984-05,8.2
DEU,1984-06,8.2
DEU,1984-07,8.2
DEU,1984-08,8.1
DEU,1984-09,7.8
DEU,1984-10,7.6
DEU,1984-11,7.4
DEU,1984-12,7.2
DEU,1985-01,7.3
DEU,1985-02,7.6
DEU,1985-03,7.7
DEU,1985-04,7.4
DEU,1985-05,7.2
DEU,1985-06,7.1
DEU,1985-07,6.9
DEU,1985-08,6.7
DEU,1985-09,6.5
DEU,1985-10,6.7
DEU,1985-11,6.8
DEU,1985-12,6.6
DEU,1986-01,6.5
DEU,1986-02,6.4
DEU,1986-03,6.1
DEU,1986-04,5.7
DEU,1986-05,6.1
DEU,1986-06,6.2
DEU,1986-07,6.1
DEU,1986-08,5.9
DEU,1986-09,6
DEU,1986-10,6.3
DEU,1986-11,6.4
DEU,1986-12,6.2
DEU,1987-01,6.1
DEU,1987-02,6.1
DEU,1987-03,6
DEU,1987-04,5.8
DEU,1987-05,5.7
DEU,1987-06,6
DEU,1987-07,6.3
DEU,1987-08,6.5
DEU,1987-09,6.7
DEU,1987-10,6.9
DEU,1987-11,6.4
DEU,1987-12,6.5
DEU,1988-01,6.5
DEU,1988-02,6.3
DEU,1988-03,6.2
DEU,1988-04,6.3
DEU,1988-05,6.6
DEU,1988-06,6.6
DEU,1988-07,6.7
DEU,1988-08,6.8
DEU,1988-09,6.6
DEU,1988-10,6.4
DEU,1988-11,6.4
DEU,1988-12,6.5
DEU,1989-01,6.7
DEU,1989-02,6.9
DEU,1989-03,7
DEU,1989-04,6.9
DEU,1989-05,7.1
DEU,1989-06,6.9
DEU,1989-07,6.8
DEU,1989-08,6.8
DEU,1989-09,7
DEU,1989-10,7.2
DEU,1989-11,7.5
DEU,1989-12,7.5
DEU,1990-01,7.695
DEU,1990-02,8.575
DEU,1990-03,8.645
DEU,1990-04,8.7625
DEU,1990-05,8.715
DEU,1990-06,8.8325
DEU,1990-07,8.545
DEU,1990-08,8.9975
DEU,1990-09,9.105
DEU,1990-10,9.0675
DEU,1990-11,8.9325
DEU,1990-12,8.845
DEU,1991-01,8.9275
DEU,1991-02,8.35
DEU,1991-03,8.4275
DEU,1991-04,8.3575
DEU,1991-05,8.395
DEU,1991-06,8.4075
DEU,1991-07,8.6325
DEU,1991-08,8.52
DEU,1991-09,8.455
DEU,1991-10,8.3475
DEU,1991-11,8.315
DEU,1991-12,8.2125
DEU,1992-01,7.9475
DEU,1992-02,7.92
DEU,1992-03,8.0275
DEU,1992-04,8.035
DEU,1992-05,8.075
DEU,1992-06,8.0675
DEU,1992-07,8.125
DEU,1992-08,8.04
DEU,1992-09,7.6525
DEU,1992-10,7.4525
DEU,1992-11,7.36
DEU,1992-12,7.32
DEU,1993-01,7.1325
DEU,1993-02,6.905
DEU,1993-03,6.6375
DEU,1993-04,6.6775
DEU,1993-05,6.83
DEU,1993-06,6.8075
DEU,1993-07,6.6075
DEU,1993-08,6.3725
DEU,1993-09,6.19
DEU,1993-10,5.985
DEU,1993-11,5.9825
DEU,1993-12,5.83
DEU,1994-01,5.815
DEU,1994-02,6.135
DEU,1994-03,6.345
DEU,1994-04,6.607
DEU,1994-05,6.6635
DEU,1994-06,7.052381
DEU,1994-07,6.896191
DEU,1994-08,7.089565
DEU,1994-09,7.515455
DEU,1994-10,7.5415
DEU,1994-11,7.491428
DEU,1994-12,7.460952
DEU,1995-01,7.595909
DEU,1995-02,7.424
DEU,1995-03,7.277391
DEU,1995-04,7.088333
DEU,1995-05,6.862381
DEU,1995-06,6.783
DEU,1995-07,6.862381
DEU,1995-08,6.746087
DEU,1995-09,6.585238
DEU,1995-10,6.565238
DEU,1995-11,6.341818
DEU,1995-12,6.074737
DEU,1996-01,5.887273
DEU,1996-02,6.204286
DEU,1996-03,6.445238
DEU,1996-04,6.377
DEU,1996-05,6.446
DEU,1996-06,6.558948
DEU,1996-07,6.478696
DEU,1996-08,6.302273
DEU,1996-09,6.226666
DEU,1996-10,6.008636
DEU,1996-11,5.859524
DEU,1996-12,5.79
DEU,1997-01,5.804091
DEU,1997-02,5.5445
DEU,1997-03,5.715263
DEU,1997-04,5.866818
DEU,1997-05,5.761111
DEU,1997-06,5.718572
DEU,1997-07,5.556522
DEU,1997-08,5.66
DEU,1997-09,5.592727
DEU,1997-10,5.578182
DEU,1997-11,5.5565
DEU,1997-12,5.327368
DEU,1998-01,5.112381
DEU,1998-02,4.989
DEU,1998-03,4.899546
DEU,1998-04,4.902
DEU,1998-05,4.964737
DEU,1998-06,4.7985
DEU,1998-07,4.684783
DEU,1998-08,4.425238
DEU,1998-09,4.060909
DEU,1998-10,4.064546
DEU,1998-11,4.120476
DEU,1998-12,3.8635
DEU,1999-01,3.702
DEU,1999-02,3.849
DEU,1999-03,4.037826
DEU,1999-04,3.85
DEU,1999-05,4.012105
DEU,1999-06,4.360476
DEU,1999-07,4.676363
DEU,1999-08,4.879091
DEU,1999-09,5.040454
DEU,1999-10,5.292381
DEU,1999-11,5.04
DEU,1999-12,5.147619
DEU,2000-01,5.539524
DEU,2000-02,5.508572
DEU,2000-03,5.333044
DEU,2000-04,5.225555
DEU,2000-05,5.378182
DEU,2000-06,5.191364
DEU,2000-07,5.266191
DEU,2000-08,5.210435
DEU,2000-09,5.263333
DEU,2000-10,5.207143
DEU,2000-11,5.153636
DEU,2000-12,4.890526
DEU,2001-01,4.803182
DEU,2001-02,4.7775
DEU,2001-03,4.667727
DEU,2001-04,4.827895
DEU,2001-05,5.046818
DEU,2001-06,5
DEU,2001-07,5.015909
DEU,2001-08,4.823913
DEU,2001-09,4.813
DEU,2001-10,4.599565
DEU,2001-11,4.447727
DEU,2001-12,4.735882
DEU,2002-01,4.862727
DEU,2002-02,4.9195
DEU,2002-03,5.161
DEU,2002-04,5.155238
DEU,2002-05,5.167727
DEU,2002-06,5.0175
DEU,2002-07,4.867391
DEU,2002-08,4.589545
DEU,2002-09,4.385238
DEU,2002-10,4.463913
DEU,2002-11,4.477619
DEU,2002-12,4.335556
DEU,2003-01,4.18
DEU,2003-02,3.955
DEU,2003-03,4.000476
DEU,2003-04,4.147
DEU,2003-05,3.815238
DEU,2003-06,3.616667
DEU,2003-07,3.972609
DEU,2003-08,4.13
DEU,2003-09,4.171364
DEU,2003-10,4.221304
DEU,2003-11,4.353
DEU,2003-12,4.291053
DEU,2004-01,4.170952
DEU,2004-02,4.11
DEU,2004-03,3.913478
DEU,2004-04,4.097
DEU,2004-05,4.253334
DEU,2004-06,4.312727
DEU,2004-07,4.236818
DEU,2004-08,4.080454
DEU,2004-09,4.016364
DEU,2004-10,3.894762
DEU,2004-11,3.780455
DEU,2004-12,3.579524
DEU,2005-01,3.564762
DEU,2005-02,3.544
DEU,2005-03,3.69619
DEU,2005-04,3.482381
DEU,2005-05,3.304091
DEU,2005-06,3.126364
DEU,2005-07,3.205714
DEU,2005-08,3.232609
DEU,2005-09,3.067727
DEU,2005-10,3.238571
DEU,2005-11,3.448182
DEU,2005-12,3.337619
DEU,2006-01,3.321364
DEU,2006-02,3.4725
DEU,2006-03,3.637391
DEU,2006-04,3.895
DEU,2006-05,3.962727
DEU,2006-06,3.960454
DEU,2006-07,4.01
DEU,2006-08,3.883913
DEU,2006-09,3.753809
DEU,2006-10,3.787727
DEU,2006-11,3.714091
DEU,2006-12,3.770526
DEU,2007-01,4.016818
DEU,2007-02,4.049
DEU,2007-03,3.940909
DEU,2007-04,4.152105
DEU,2007-05,4.279047
DEU,2007-06,4.560476
DEU,2007-07,4.505
DEU,2007-08,4.296522
DEU,2007-09,4.226
DEU,2007-10,4.282609
DEU,2007-11,4.089091
DEU,2007-12,4.205883
DEU,2008-01,4.027727
DEU,2008-02,3.952857
DEU,2008-03,3.799474
DEU,2008-04,4.04
DEU,2008-05,4.201905
DEU,2008-06,4.520476
DEU,2008-07,4.490435
DEU,2008-08,4.202381
DEU,2008-09,4.094091
DEU,2008-10,3.883478
DEU,2008-11,3.5565
DEU,2008-12,3.047895
DEU,2009-01,3.070952
DEU,2009-02,3.1275
DEU,2009-03,3.019546
DEU,2009-04,3.133
DEU,2009-05,3.371
DEU,2009-06,3.473636
DEU,2009-07,3.337826
DEU,2009-08,3.305238
DEU,2009-09,3.263182
DEU,2009-10,3.209091
DEU,2009-11,3.217143
DEU,2009-12,3.1385
DEU,2010-01,3.2575
DEU,2010-02,3.17
DEU,2010-03,3.102174
DEU,2010-04,3.0645
DEU,2010-05,2.734286
DEU,2010-06,2.543182
DEU,2010-07,2.615909
DEU,2010-08,2.35
DEU,2010-09,2.300455
DEU,2010-10,2.345714
DEU,2010-11,2.532727
DEU,2010-12,2.914762
DEU,2011-01,3.016667
DEU,2011-02,3.199
DEU,2011-03,3.211739
DEU,2011-04,3.340526
DEU,2011-05,3.060909
DEU,2011-06,2.890909
DEU,2011-07,2.743809
DEU,2011-08,2.213478
DEU,2011-09,1.829091
DEU,2011-10,2.002381
DEU,2011-11,1.874091
DEU,2011-12,1.927619
DEU,2012-01,1.820909
DEU,2012-02,1.851905
DEU,2012-03,1.830455
DEU,2012-04,1.62421
DEU,2012-05,1.336818
DEU,2012-06,1.300476
DEU,2012-07,1.242273
DEU,2012-08,1.341739
DEU,2012-09,1.4905
DEU,2012-10,1.466956
DEU,2012-11,1.335909
DEU,2012-12,1.299412
DEU,2013-01,1.512273
DEU,2013-02,1.5435
DEU,2013-03,1.3545
DEU,2013-04,1.19619
DEU,2013-05,1.294091
DEU,2013-06,1.5305
DEU,2013-07,1.565652
DEU,2013-08,1.735
DEU,2013-09,1.888095
DEU,2013-10,1.762174
DEU,2013-11,1.677143
DEU,2013-12,1.797778
DEU,2014-01,1.755909
DEU,2014-02,1.5585
DEU,2014-03,1.508571
DEU,2014-04,1.4565
DEU,2014-05,1.327143
DEU,2014-06,1.264286
DEU,2014-07,1.114348
DEU,2014-08,0.9561905
DEU,2014-09,0.9213637
DEU,2014-10,0.7909091
DEU,2014-11,0.719
DEU,2014-12,0.5889474
DEU,2015-01,0.39
DEU,2015-02,0.302
DEU,2015-03,0.2272727
DEU,2015-04,0.122
DEU,2015-05,0.5557895
DEU,2015-06,0.7927273
DEU,2015-07,0.71
DEU,2015-08,0.6085714
DEU,2015-09,0.6540909
DEU,2015-10,0.5181818
DEU,2015-11,0.5161905
DEU,2015-12,0.5455
DEU,2016-01,0.4305
DEU,2016-02,0.1728572
DEU,2016-03,0.1714286
DEU,2016-04,0.1342857
DEU,2016-05,0.1328571
DEU,2016-06,-0.01681818
DEU,2016-07,-0.1542857
DEU,2016-08,-0.1317391
DEU,2016-09,-0.08409091
DEU,2016-10,0.002
DEU,2016-11,0.1890909
DEU,2016-12,0.2519048
DEU,2017-01,0.2509091
DEU,2017-02,0.258
DEU,2017-03,0.3482609
DEU,2017-04,0.2255556
DEU,2017-05,0.3363636
DEU,2017-06,0.2504762
DEU,2017-07,0.4557143
DEU,2017-08,0.3460869
DEU,2017-09,0.3471428
DEU,2017-10,0.3725
DEU,2017-11,0.3081818
DEU,2017-12,0.2968421
DEU,2018-01,0.4745454
DEU,2018-02,0.659
DEU,2018-03,0.5295238
DEU,2018-04,0.48
DEU,2018-05,0.45
DEU,2018-06,0.3271429
DEU,2018-07,0.2745455
DEU,2018-08,0.2908696
DEU,2018-09,0.3705
DEU,2018-10,0.3990909
DEU,2018-11,0.3140909
DEU,2018-12,0.1870588
DEU,2019-01,0.1327273
DEU,2019-02,0.0555
DEU,2019-03,0.01095238
DEU,2019-04,-0.0395
DEU,2019-05,-0.1345455
DEU,2019-06,-0.3152632
DEU,2019-07,-0.3882609
DEU,2019-08,-0.6490909
DEU,2019-09,-0.5947619
DEU,2019-10,-0.4695455
DEU,2019-11,-0.352381
DEU,2019-12,-0.2994444
DEU,2020-01,-0.3136364
DEU,2020-02,-0.466
DEU,2020-03,-0.5413637
DEU,2020-04,-0.4495
DEU,2020-05,-0.5165
DEU,2020-06,-0.4342857
DEU,2020-07,-0.5230435
DEU,2020-08,-0.5233333
DEU,2020-09,-0.5240909
DEU,2020-10,-0.6072727
DEU,2020-11,-0.6147619
DEU,2020-12,-0.6185
CAN,1982-06,15.96
CAN,1982-07,16.1625
CAN,1982-08,14.9625
CAN,1982-09,13.926
CAN,1982-10,12.735
CAN,1982-11,11.77
CAN,1982-12,11.648
CAN,1983-01,11.365
CAN,1983-02,11.4325
CAN,1983-03,11.186
CAN,1983-04,11.0675
CAN,1983-05,10.71
CAN,1983-06,11.046
CAN,1983-07,11.5675
CAN,1983-08,11.79
CAN,1983-09,11.77
CAN,1983-10,11.5475
CAN,1983-11,11.516
CAN,1983-12,11.785
CAN,1984-01,11.7175
CAN,1984-02,11.872
CAN,1984-03,12.8425
CAN,1984-04,13.235
CAN,1984-05,13.64
CAN,1984-06,13.6675
CAN,1984-07,13.73
CAN,1984-08,12.912
CAN,1984-09,12.7675
CAN,1984-10,12.544
CAN,1984-11,11.93
CAN,1984-12,11.6625
CAN,1985-01,11.406
CAN,1985-02,11.855
CAN,1985-03,12.16
CAN,1985-04,11.545
CAN,1985-05,11.074
CAN,1985-06,10.515
CAN,1985-07,10.594
CAN,1985-08,10.595
CAN,1985-09,10.7925
CAN,1985-10,10.668
CAN,1985-11,10.0175
CAN,1985-12,9.72
CAN,1986-01,10.042
CAN,1986-02,9.9675
CAN,1986-03,9.4025
CAN,1986-04,8.848
CAN,1986-05,8.9325
CAN,1986-06,9.12
CAN,1986-07,8.872
CAN,1986-08,8.825
CAN,1986-09,9.0025
CAN,1986-10,9.166
CAN,1986-11,8.9025
CAN,1986-12,8.666
CAN,1987-01,8.33
CAN,1987-02,8.4575
CAN,1987-03,8.2825
CAN,1987-04,8.828
CAN,1987-05,9.5925
CAN,1987-06,9.3325
CAN,1987-07,9.574
CAN,1987-08,10.095
CAN,1987-09,10.722
CAN,1987-10,10.4375
CAN,1987-11,9.875
CAN,1987-12,10.122
CAN,1988-01,9.715
CAN,1988-02,9.2
CAN,1988-03,9.422
CAN,1988-04,9.6925
CAN,1988-05,9.9425
CAN,1988-06,9.722
CAN,1988-07,9.9
CAN,1988-08,10.242
CAN,1988-09,10.15
CAN,1988-10,9.8475
CAN,1988-11,10.02
CAN,1988-12,10.1175
CAN,1989-01,10.13417
CAN,1989-02,10.24667
CAN,1989-03,10.54813
CAN,1989-04,10.34167
CAN,1989-05,9.907647
CAN,1989-06,9.422353
CAN,1989-07,9.341666
CAN,1989-08,9.330714
CAN,1989-09,9.553333
CAN,1989-10,9.495384
CAN,1989-11,9.495714
CAN,1989-12,9.58077
CAN,1990-01,9.819285
CAN,1990-02,10.25364
CAN,1990-03,10.76154
CAN,1990-04,11.51929
CAN,1990-05,11.12538
CAN,1990-06,10.768
CAN,1990-07,10.68364
CAN,1990-08,10.69294
CAN,1990-09,10.9625
CAN,1990-10,11.18467
CAN,1990-11,10.57917
CAN,1990-12,10.26143
CAN,1991-01,10.10571
CAN,1991-02,9.578667
CAN,1991-03,9.650909
CAN,1991-04,9.49
CAN,1991-05,9.594286
CAN,1991-06,9.902667
CAN,1991-07,9.968667
CAN,1991-08,9.729231
CAN,1991-09,9.424
CAN,1991-10,8.982142
CAN,1991-11,8.565556
CAN,1991-12,8.405385
CAN,1992-01,8.15
CAN,1992-02,8.394615
CAN,1992-03,8.775455
CAN,1992-04,8.7875
CAN,1992-05,8.581111
CAN,1992-06,8.245714
CAN,1992-07,7.743333
CAN,1992-08,7.286923
CAN,1992-09,7.585834
CAN,1992-10,7.663333
CAN,1992-11,7.859286
CAN,1992-12,7.845455
CAN,1993-01,7.967857
CAN,1993-02,7.672727
CAN,1993-03,7.435883
CAN,1993-04,7.455
CAN,1993-05,7.59
CAN,1993-06,7.465714
CAN,1993-07,7.220667
CAN,1993-08,6.964167
CAN,1993-09,6.862857
CAN,1993-10,6.789166
CAN,1993-11,6.833636
CAN,1993-12,6.674545
CAN,1994-01,6.445625
CAN,1994-02,6.7
CAN,1994-03,7.438334
CAN,1994-04,8.066428
CAN,1994-05,8.4575
CAN,1994-06,8.95
CAN,1994-07,9.1675
CAN,1994-08,8.92077
CAN,1994-09,8.916
CAN,1994-10,9.055715
CAN,1994-11,9.151818
CAN,1994-12,9.07
CAN,1995-01,9.349524
CAN,1995-02,8.9015
CAN,1995-03,8.642174
CAN,1995-04,8.416842
CAN,1995-05,8.060454
CAN,1995-06,7.858182
CAN,1995-07,8.076
CAN,1995-08,8.264091
CAN,1995-09,7.9285
CAN,1995-10,7.720953
CAN,1995-11,7.47381
CAN,1995-12,7.249474
CAN,1996-01,7.091818
CAN,1996-02,7.240476
CAN,1996-03,7.621905
CAN,1996-04,7.699524
CAN,1996-05,7.768182
CAN,1996-06,7.8095
CAN,1996-07,7.711818
CAN,1996-08,7.305714
CAN,1996-09,7.3385
CAN,1996-10,6.644546
CAN,1996-11,6.135
CAN,1996-12,6.392
CAN,1997-01,6.632727
CAN,1997-02,6.3035
CAN,1997-03,6.5395
CAN,1997-04,6.784545
CAN,1997-05,6.573333
CAN,1997-06,6.271429
CAN,1997-07,5.963182
CAN,1997-08,5.9945
CAN,1997-09,5.876191
CAN,1997-10,5.609091
CAN,1997-11,5.503158
CAN,1997-12,5.665714
CAN,1998-01,5.360476
CAN,1998-02,5.434
CAN,1998-03,5.427273
CAN,1998-04,5.312381
CAN,1998-05,5.387
CAN,1998-06,5.318636
CAN,1998-07,5.347727
CAN,1998-08,5.565
CAN,1998-09,5.246666
CAN,1998-10,4.908095
CAN,1998-11,5.169
CAN,1998-12,4.872381
CAN,1999-01,4.9465
CAN,1999-02,5.124
CAN,1999-03,5.220435
CAN,1999-04,5.029524
CAN,1999-05,5.3595
CAN,1999-06,5.580909
CAN,1999-07,5.490952
CAN,1999-08,5.755714
CAN,1999-09,5.721428
CAN,1999-10,6.0895
CAN,1999-11,6.034762
CAN,1999-12,6.14
CAN,2000-01,6.4915
CAN,2000-02,6.338572
CAN,2000-03,6.028261
CAN,2000-04,5.924211
CAN,2000-05,6.215
CAN,2000-06,5.895454
CAN,2000-07,5.8635
CAN,2000-08,5.766364
CAN,2000-09,5.7295
CAN,2000-10,5.723333
CAN,2000-11,5.727143
CAN,2000-12,5.402105
CAN,2001-01,5.418636
CAN,2001-02,5.43
CAN,2001-03,5.301363
CAN,2001-04,5.5915
CAN,2001-05,5.851364
CAN,2001-06,5.718095
CAN,2001-07,5.800476
CAN,2001-08,5.530909
CAN,2001-09,5.302631
CAN,2001-10,5.232727
CAN,2001-11,5.177143
CAN,2001-12,5.408421
CAN,2002-01,5.343637
CAN,2002-02,5.321
CAN,2002-03,5.667
CAN,2002-04,5.658637
CAN,2002-05,5.595909
CAN,2002-06,5.424
CAN,2002-07,5.290454
CAN,2002-08,5.120476
CAN,2002-09,4.8855
CAN,2002-10,5.127273
CAN,2002-11,5.0895
CAN,2002-12,4.9675
CAN,2003-01,4.961818
CAN,2003-02,5.012
CAN,2003-03,4.997143
CAN,2003-04,5.051905
CAN,2003-05,4.671905
CAN,2003-06,4.288095
CAN,2003-07,4.683182
CAN,2003-08,4.902
CAN,2003-09,4.757143
CAN,2003-10,4.815454
CAN,2003-11,4.856842
CAN,2003-12,4.729048
CAN,2004-01,4.586191
CAN,2004-02,4.4515
CAN,2004-03,4.260435
CAN,2004-04,4.612857
CAN,2004-05,4.773
CAN,2004-06,4.932727
CAN,2004-07,4.75
CAN,2004-08,4.630952
CAN,2004-09,4.602381
CAN,2004-10,4.55
CAN,2004-11,4.484762
CAN,2004-12,4.320476
CAN,2005-01,4.2605
CAN,2005-02,4.205
CAN,2005-03,4.358182
CAN,2005-04,4.19381
CAN,2005-05,4.07381
CAN,2005-06,3.828182
CAN,2005-07,3.8995
CAN,2005-08,3.920455
CAN,2005-09,3.868572
CAN,2005-10,4.047
CAN,2005-11,4.107143
CAN,2005-12,4.041
CAN,2006-01,4.029047
CAN,2006-02,4.17
CAN,2006-03,4.199565
CAN,2006-04,4.41579
CAN,2006-05,4.399546
CAN,2006-06,4.441364
CAN,2006-07,4.444
CAN,2006-08,4.252728
CAN,2006-09,4.068572
CAN,2006-10,4.106667
CAN,2006-11,3.999524
CAN,2006-12,3.966316
CAN,2007-01,4.121818
CAN,2007-02,4.1175
CAN,2007-03,4.045909
CAN,2007-04,4.1715
CAN,2007-05,4.292727
CAN,2007-06,4.612857
CAN,2007-07,4.59
CAN,2007-08,4.428637
CAN,2007-09,4.356316
CAN,2007-10,4.362727
CAN,2007-11,4.121428
CAN,2007-12,4.01579
CAN,2008-01,3.848182
CAN,2008-02,3.828
CAN,2008-03,3.509
CAN,2008-04,3.628636
CAN,2008-05,3.621428
CAN,2008-06,3.76
CAN,2008-07,3.750454
CAN,2008-08,3.5915
CAN,2008-09,3.540952
CAN,2008-10,3.668182
CAN,2008-11,3.571579
CAN,2008-12,2.945714
CAN,2009-01,2.812381
CAN,2009-02,2.960526
CAN,2009-03,2.885909
CAN,2009-04,2.954286
CAN,2009-05,3.202
CAN,2009-06,3.459091
CAN,2009-07,3.429091
CAN,2009-08,3.4645
CAN,2009-09,3.365714
CAN,2009-10,3.425238
CAN,2009-11,3.3925
CAN,2009-12,3.41619
CAN,2010-01,3.485
CAN,2010-02,3.423684
CAN,2010-03,3.490435
CAN,2010-04,3.67
CAN,2010-05,3.4455
CAN,2010-06,3.297727
CAN,2010-07,3.185238
CAN,2010-08,2.949524
CAN,2010-09,2.881428
CAN,2010-10,2.766
CAN,2010-11,3.022381
CAN,2010-12,3.204762
CAN,2011-01,3.253
CAN,2011-02,3.417368
CAN,2011-03,3.266522
CAN,2011-04,3.328
CAN,2011-05,3.151905
CAN,2011-06,2.987727
CAN,2011-07,2.9385
CAN,2011-08,2.446364
CAN,2011-09,2.196667
CAN,2011-10,2.296
CAN,2011-11,2.122381
CAN,2011-12,1.992
CAN,2012-01,1.98
CAN,2012-02,2.021
CAN,2012-03,2.106818
CAN,2012-04,2.0645
CAN,2012-05,1.922273
CAN,2012-06,1.747619
CAN,2012-07,1.656191
CAN,2012-08,1.826818
CAN,2012-09,1.837895
CAN,2012-10,1.811818
CAN,2012-11,1.738095
CAN,2012-12,1.767895
CAN,2013-01,1.931364
CAN,2013-02,1.967895
CAN,2013-03,1.8515
CAN,2013-04,1.748636
CAN,2013-05,1.901818
CAN,2013-06,2.2445
CAN,2013-07,2.438182
CAN,2013-08,2.611428
CAN,2013-09,2.698
CAN,2013-10,2.518182
CAN,2013-11,2.5585
CAN,2013-12,2.6735
CAN,2014-01,2.534091
CAN,2014-02,2.42
CAN,2014-03,2.454286
CAN,2014-04,2.444762
CAN,2014-05,2.315238
CAN,2014-06,2.298571
CAN,2014-07,2.194546
CAN,2014-08,2.062
CAN,2014-09,2.180952
CAN,2014-10,2.010455
CAN,2014-11,2.003158
CAN,2014-12,1.851905
CAN,2015-01,1.525714
CAN,2015-02,1.379474
CAN,2015-03,1.421364
CAN,2015-04,1.410952
CAN,2015-05,1.744
CAN,2015-06,1.78
CAN,2015-07,1.569546
CAN,2015-08,1.3915
CAN,2015-09,1.481429
CAN,2015-10,1.463333
CAN,2015-11,1.6335
CAN,2015-12,1.459524
CAN,2016-01,1.258
CAN,2016-02,1.1245
CAN,2016-03,1.268182
CAN,2016-04,1.33619
CAN,2016-05,1.35
CAN,2016-06,1.168182
CAN,2016-07,1.051
CAN,2016-08,1.042727
CAN,2016-09,1.08619
CAN,2016-10,1.1665
CAN,2016-11,1.437619
CAN,2016-12,1.732
CAN,2017-01,1.722381
CAN,2017-02,1.702105
CAN,2017-03,1.714348
CAN,2017-04,1.523158
CAN,2017-05,1.513182
CAN,2017-06,1.502727
CAN,2017-07,1.908
CAN,2017-08,1.883636
CAN,2017-09,2.0495
CAN,2017-10,2.050952
CAN,2017-11,1.918571
CAN,2017-12,1.915263
CAN,2018-01,2.198182
CAN,2018-02,2.324211
CAN,2018-03,2.188571
CAN,2018-04,2.249048
CAN,2018-05,2.375454
CAN,2018-06,2.209048
CAN,2018-07,2.187143
CAN,2018-08,2.295455
CAN,2018-09,2.353684
CAN,2018-10,2.488636
CAN,2018-11,2.407619
CAN,2018-12,2.057895
CAN,2019-01,1.953636
CAN,2019-02,1.907368
CAN,2019-03,1.712381
CAN,2019-04,1.724286
CAN,2019-05,1.664545
CAN,2019-06,1.4625
CAN,2019-07,1.519091
CAN,2019-08,1.205238
CAN,2019-09,1.364
CAN,2019-10,1.449546
CAN,2019-11,1.4995
CAN,2019-12,1.6045
CAN,2020-01,1.492273
CAN,2020-02,1.294737
CAN,2020-03,0.8190909
CAN,2020-04,0.6571429
CAN,2020-05,0.551
CAN,2020-06,0.5613636
CAN,2020-07,0.5163636
CAN,2020-08,0.5635
CAN,2020-09,0.5595238
CAN,2020-10,0.6028572
CAN,2020-11,0.6885
CAN,2020-12,0.7309524
ITA,1991-03,13.767
ITA,1991-04,13.43335
ITA,1991-05,13.05977
ITA,1991-06,13.0936
ITA,1991-07,13.33709
ITA,1991-08,13.44835
ITA,1991-09,13.0171
ITA,1991-10,12.79061
ITA,1991-11,12.9078
ITA,1991-12,12.95205
ITA,1992-01,12.67724
ITA,1992-02,12.60755
ITA,1992-03,12.57459
ITA,1992-04,12.68986
ITA,1992-05,12.5785
ITA,1992-06,13.10173
ITA,1992-07,13.62965
ITA,1992-08,13.67938
ITA,1992-09,14.11282
ITA,1992-10,14.41945
ITA,1992-11,13.46552
ITA,1992-12,13.65935
ITA,1993-01,13.43032
ITA,1993-02,13.06245
ITA,1993-03,12.90191
ITA,1993-04,13.10724
ITA,1993-05,12.46333
ITA,1993-06,11.673
ITA,1993-07,11.09691
ITA,1993-08,9.76355
ITA,1993-09,9.469
ITA,1993-10,9.01524
ITA,1993-11,9.33257
ITA,1993-12,8.93267
ITA,1994-01,8.6711
ITA,1994-02,8.76695
ITA,1994-03,9.44509
ITA,1994-04,9.04684
ITA,1994-05,9.37136
ITA,1994-06,10.47673
ITA,1994-07,10.76752
ITA,1994-08,11.45814
ITA,1994-09,11.93741
ITA,1994-10,12.07052
ITA,1994-11,12.02343
ITA,1994-12,12.19645
ITA,1995-01,12.3709
ITA,1995-02,12.39185
ITA,1995-03,13.45274
ITA,1995-04,13.40478
ITA,1995-05,12.29932
ITA,1995-06,12.38327
ITA,1995-07,12.21214
ITA,1995-08,11.6559
ITA,1995-09,11.54429
ITA,1995-10,11.96223
ITA,1995-11,11.62786
ITA,1995-12,11.17111
ITA,1996-01,10.43191
ITA,1996-02,10.51886
ITA,1996-03,10.68752
ITA,1996-04,10.339
ITA,1996-05,9.69577
ITA,1996-06,9.57035
ITA,1996-07,9.42804
ITA,1996-08,9.4839
ITA,1996-09,9.16838
ITA,1996-10,8.23278
ITA,1996-11,7.69285
ITA,1996-12,7.56547
ITA,1997-01,7.37543
ITA,1997-02,7.36335
ITA,1997-03,7.8694
ITA,1997-04,7.73686
ITA,1997-05,7.31986
ITA,1997-06,7.06638
ITA,1997-07,6.51817
ITA,1997-08,6.6575
ITA,1997-09,6.35582
ITA,1997-10,6.19691
ITA,1997-11,6.13295
ITA,1997-12,5.73768
ITA,1998-01,5.43435
ITA,1998-02,5.3749
ITA,1998-03,5.19768
ITA,1998-04,5.14619
ITA,1998-05,5.2076
ITA,1998-06,5.07895
ITA,1998-07,4.96996
ITA,1998-08,4.78729
ITA,1998-09,4.52582
ITA,1998-10,4.48631
ITA,1998-11,4.38351
ITA,1998-12,3.99512
ITA,1999-01,3.92233
ITA,1999-02,4.05379
ITA,1999-03,4.27124
ITA,1999-04,4.11022
ITA,1999-05,4.27919
ITA,1999-06,4.61521
ITA,1999-07,4.9377
ITA,1999-08,5.13436
ITA,1999-09,5.28188
ITA,1999-10,5.52122
ITA,1999-11,5.24581
ITA,1999-12,5.36007
ITA,2000-01,5.74797
ITA,2000-02,5.7264
ITA,2000-03,5.57685
ITA,2000-04,5.46569
ITA,2000-05,5.66472
ITA,2000-06,5.50964
ITA,2000-07,5.59131
ITA,2000-08,5.56267
ITA,2000-09,5.6323
ITA,2000-10,5.5784
ITA,2000-11,5.54812
ITA,2000-12,5.29808
ITA,2001-01,5.1831
ITA,2001-02,5.18368
ITA,2001-03,5.13048
ITA,2001-04,5.28228
ITA,2001-05,5.4487
ITA,2001-06,5.39902
ITA,2001-07,5.4162
ITA,2001-08,5.21455
ITA,2001-09,5.196
ITA,2001-10,4.96395
ITA,2001-11,4.80034
ITA,2001-12,5.04714
ITA,2002-01,5.14238
ITA,2002-02,5.19949
ITA,2002-03,5.41067
ITA,2002-04,5.40396
ITA,2002-05,5.40598
ITA,2002-06,5.25533
ITA,2002-07,5.10932
ITA,2002-08,4.82842
ITA,2002-09,4.61844
ITA,2002-10,4.75706
ITA,2002-11,4.7354
ITA,2002-12,4.54822
ITA,2003-01,4.37548
ITA,2003-02,4.15681
ITA,2003-03,4.18462
ITA,2003-04,4.31189
ITA,2003-05,4.03517
ITA,2003-06,3.82209
ITA,2003-07,4.13202
ITA,2003-08,4.29336
ITA,2003-09,4.31445
ITA,2003-10,4.38222
ITA,2003-11,4.51138
ITA,2003-12,4.4588
ITA,2004-01,4.31655
ITA,2004-02,4.34284
ITA,2004-03,4.16873
ITA,2004-04,4.35086
ITA,2004-05,4.49304
ITA,2004-06,4.54392
ITA,2004-07,4.43989
ITA,2004-08,4.27713
ITA,2004-09,4.25079
ITA,2004-10,4.12889
ITA,2004-11,3.99979
ITA,2004-12,3.79167
ITA,2005-01,3.71143
ITA,2005-02,3.67836
ITA,2005-03,3.83727
ITA,2005-04,3.65325
ITA,2005-05,3.55261
ITA,2005-06,3.40502
ITA,2005-07,3.43842
ITA,2005-08,3.44898
ITA,2005-09,3.28701
ITA,2005-10,3.44443
ITA,2005-11,3.65516
ITA,2005-12,3.55319
ITA,2006-01,3.54353
ITA,2006-02,3.69735
ITA,2006-03,3.92284
ITA,2006-04,4.22184
ITA,2006-05,4.28469
ITA,2006-06,4.29471
ITA,2006-07,4.30648
ITA,2006-08,4.1707
ITA,2006-09,4.03582
ITA,2006-10,4.06997
ITA,2006-11,3.97009
ITA,2006-12,4.0376
ITA,2007-01,4.2628
ITA,2007-02,4.28009
ITA,2007-03,4.17622
ITA,2007-04,4.37021
ITA,2007-05,4.48971
ITA,2007-06,4.77197
ITA,2007-07,4.76033
ITA,2007-08,4.58355
ITA,2007-09,4.57357
ITA,2007-10,4.59088
ITA,2007-11,4.44929
ITA,2007-12,4.53849
ITA,2008-01,4.39891
ITA,2008-02,4.35443
ITA,2008-03,4.37747
ITA,2008-04,4.53189
ITA,2008-05,4.70282
ITA,2008-06,5.10565
ITA,2008-07,5.09463
ITA,2008-08,4.81387
ITA,2008-09,4.8041
ITA,2008-10,4.78
ITA,2008-11,4.74252
ITA,2008-12,4.46882
ITA,2009-01,4.62129
ITA,2009-02,4.53581
ITA,2009-03,4.45835
ITA,2009-04,4.35597
ITA,2009-05,4.41509
ITA,2009-06,4.60624
ITA,2009-07,4.37291
ITA,2009-08,4.11556
ITA,2009-09,4.08809
ITA,2009-10,4.10144
ITA,2009-11,4.05652
ITA,2009-12,4.00728
ITA,2010-01,4.07788
ITA,2010-02,4.04712
ITA,2010-03,3.94527
ITA,2010-04,3.99558
ITA,2010-05,3.98492
ITA,2010-06,4.1022
ITA,2010-07,4.02583
ITA,2010-08,3.80208
ITA,2010-09,3.86227
ITA,2010-10,3.80021
ITA,2010-11,4.18408
ITA,2010-12,4.603
ITA,2011-01,4.72908
ITA,2011-02,4.73561
ITA,2011-03,4.87539
ITA,2011-04,4.84077
ITA,2011-05,4.75615
ITA,2011-06,4.81559
ITA,2011-07,5.46328
ITA,2011-08,5.27054
ITA,2011-09,5.7457
ITA,2011-10,5.9719
ITA,2011-11,7.05709
ITA,2011-12,6.81193
ITA,2012-01,6.5366
ITA,2012-02,5.54646
ITA,2012-03,5.04876
ITA,2012-04,5.67583
ITA,2012-05,5.78334
ITA,2012-06,5.90366
ITA,2012-07,5.99562
ITA,2012-08,5.82165
ITA,2012-09,5.2543
ITA,2012-10,4.95287
ITA,2012-11,4.85144
ITA,2012-12,4.54158
ITA,2013-01,4.20769
ITA,2013-02,4.4929
ITA,2013-03,4.64036
ITA,2013-04,4.27767
ITA,2013-05,3.96398
ITA,2013-06,4.37887
ITA,2013-07,4.41831
ITA,2013-08,4.41911
ITA,2013-09,4.54105
ITA,2013-10,4.24765
ITA,2013-11,4.09506
ITA,2013-12,4.11398
ITA,2014-01,3.86587
ITA,2014-02,3.65119
ITA,2014-03,3.39943
ITA,2014-04,3.22823
ITA,2014-05,3.12329
ITA,2014-06,2.91968
ITA,2014-07,2.79361
ITA,2014-08,2.6327
ITA,2014-09,2.40013
ITA,2014-10,2.4239
ITA,2014-11,2.29036
ITA,2014-12,1.9898
ITA,2015-01,1.70214
ITA,2015-02,1.55683
ITA,2015-03,1.29423
ITA,2015-04,1.3574
ITA,2015-05,1.81211
ITA,2015-06,2.19919
ITA,2015-07,2.04214
ITA,2015-08,1.83856
ITA,2015-09,1.92014
ITA,2015-10,1.69606
ITA,2015-11,1.57018
ITA,2015-12,1.57864
ITA,2016-01,1.5343
ITA,2016-02,1.5585
ITA,2016-03,1.37516
ITA,2016-04,1.44177
ITA,2016-05,1.52632
ITA,2016-06,1.45346
ITA,2016-07,1.22722
ITA,2016-08,1.17635
ITA,2016-09,1.26606
ITA,2016-10,1.45047
ITA,2016-11,1.94278
ITA,2016-12,1.88618
ITA,2017-01,1.99107
ITA,2017-02,2.35192
ITA,2017-03,2.40073
ITA,2017-04,2.25705
ITA,2017-05,2.19402
ITA,2017-06,2.05337
ITA,2017-07,2.23141
ITA,2017-08,2.10986
ITA,2017-09,2.10949
ITA,2017-10,2.07385
ITA,2017-11,1.78885
ITA,2017-12,1.79452
ITA,2018-01,1.98419
ITA,2018-02,2.08078
ITA,2018-03,1.96547
ITA,2018-04,1.77335
ITA,2018-05,2.17969
ITA,2018-06,2.74417
ITA,2018-07,2.64298
ITA,2018-08,3.16096
ITA,2018-09,2.9585
ITA,2018-10,3.46884
ITA,2018-11,3.39008
ITA,2018-12,2.97513
ITA,2019-01,2.77011
ITA,2019-02,2.81241
ITA,2019-03,2.68985
ITA,2019-04,2.61756
ITA,2019-05,2.64404
ITA,2019-06,2.28374
ITA,2019-07,1.6539
ITA,2019-08,1.40365
ITA,2019-09,0.90208
ITA,2019-10,1.00355
ITA,2019-11,1.26594
ITA,2019-12,1.37011
ITA,2020-01,1.27499
ITA,2020-02,0.9555
ITA,2020-03,1.55118
ITA,2020-04,1.79913
ITA,2020-05,1.76204
ITA,2020-06,1.4552
ITA,2020-07,1.19629
ITA,2020-08,1.03189
ITA,2020-09,0.98121
ITA,2020-10,0.77007
ITA,2020-11,0.66399
ITA,2020-12,0.57801
FRA,1982-06,15.98
FRA,1982-07,15.96
FRA,1982-08,15.79
FRA,1982-09,15.76
FRA,1982-10,15.81
FRA,1982-11,15.79
FRA,1982-12,15.4
FRA,1983-01,14.99
FRA,1983-02,14.9
FRA,1983-03,14.65
FRA,1983-04,14.55
FRA,1983-05,14.55
FRA,1983-06,14.52
FRA,1983-07,14.04
FRA,1983-08,13.96
FRA,1983-09,14.03
FRA,1983-10,14.15
FRA,1983-11,14.12
FRA,1983-12,13.96
FRA,1984-01,13.76
FRA,1984-02,13.87
FRA,1984-03,13.98
FRA,1984-04,13.81
FRA,1984-05,13.82
FRA,1984-06,13.99
FRA,1984-07,13.91
FRA,1984-08,13.58
FRA,1984-09,13.05
FRA,1984-10,12.02
FRA,1984-11,12.36
FRA,1984-12,12.7
FRA,1985-01,12.12
FRA,1985-02,12.25
FRA,1985-03,12.27
FRA,1985-04,11.98
FRA,1985-05,11.72
FRA,1985-06,12.12
FRA,1985-07,11.87
FRA,1985-08,11.96
FRA,1985-09,11.97
FRA,1985-10,11.59
FRA,1985-11,11.22
FRA,1985-12,11.33
FRA,1986-01,10.79
FRA,1986-02,10.1
FRA,1986-03,9.29
FRA,1986-04,8.56
FRA,1986-05,8.58
FRA,1986-06,8.65
FRA,1986-07,8.55
FRA,1986-08,8.05
FRA,1986-09,8.51
FRA,1986-10,8.97
FRA,1986-11,9.49
FRA,1986-12,9.89
FRA,1987-01,8.859
FRA,1987-02,9.2095
FRA,1987-03,8.6914
FRA,1987-04,8.631
FRA,1987-05,8.8843
FRA,1987-06,9.2895
FRA,1987-07,9.3657
FRA,1987-08,9.8119
FRA,1987-09,10.2323
FRA,1987-10,10.7455
FRA,1987-11,10.0211
FRA,1987-12,10.0024
FRA,1988-01,9.8305
FRA,1988-02,9.1348
FRA,1988-03,9.277
FRA,1988-04,9.2
FRA,1988-05,9.2491
FRA,1988-06,8.9368
FRA,1988-07,8.9414
FRA,1988-08,9.2077
FRA,1988-09,9.0118
FRA,1988-10,8.7695
FRA,1988-11,8.7486
FRA,1988-12,8.7014
FRA,1989-01,8.5821
FRA,1989-02,9.0333
FRA,1989-03,9.0962
FRA,1989-04,8.8425
FRA,1989-05,8.7955
FRA,1989-06,8.6877
FRA,1989-07,8.5784
FRA,1989-08,8.3762
FRA,1989-09,8.5581
FRA,1989-10,8.8223
FRA,1989-11,9.0619
FRA,1989-12,9.1185
FRA,1990-01,9.5505
FRA,1990-02,10.03
FRA,1990-03,10.0132
FRA,1990-04,9.6237
FRA,1990-05,9.565
FRA,1990-06,9.7245
FRA,1990-07,9.59
FRA,1990-08,10.1159
FRA,1990-09,10.475
FRA,1990-10,10.3761
FRA,1990-11,10.2032
FRA,1990-12,9.9183
FRA,1991-01,9.8
FRA,1991-02,9.142
FRA,1991-03,9.061
FRA,1991-04,8.8938
FRA,1991-05,8.8674
FRA,1991-06,9.12
FRA,1991-07,9.1648
FRA,1991-08,9.0915
FRA,1991-09,8.8814
FRA,1991-10,8.7987
FRA,1991-11,8.8347
FRA,1991-12,8.8048
FRA,1992-01,8.4526
FRA,1992-02,8.495
FRA,1992-03,8.6418
FRA,1992-04,8.6975
FRA,1992-05,8.5689
FRA,1992-06,8.7405
FRA,1992-07,8.9114
FRA,1992-08,9.0438
FRA,1992-09,8.7423
FRA,1992-10,8.425
FRA,1992-11,8.1316
FRA,1992-12,8.2041
FRA,1993-01,7.917
FRA,1993-02,7.7705
FRA,1993-03,7.3348
FRA,1993-04,7.152
FRA,1993-05,7.1778
FRA,1993-06,6.9541
FRA,1993-07,6.7614
FRA,1993-08,6.3105
FRA,1993-09,6.1318
FRA,1993-10,5.9581
FRA,1993-11,6.035
FRA,1993-12,5.797
FRA,1994-01,5.6686
FRA,1994-02,5.942
FRA,1994-03,6.3739
FRA,1994-04,6.6858
FRA,1994-05,6.967
FRA,1994-06,7.4855
FRA,1994-07,7.3953
FRA,1994-08,7.6091
FRA,1994-09,8.0973
FRA,1994-10,8.187
FRA,1994-11,8.1385
FRA,1994-12,8.0155
FRA,1995-01,8.2295
FRA,1995-02,8.008
FRA,1995-03,8.0213
FRA,1995-04,7.8211
FRA,1995-05,7.5155
FRA,1995-06,7.4548
FRA,1995-07,7.431
FRA,1995-08,7.3286
FRA,1995-09,7.3529
FRA,1995-10,7.4818
FRA,1995-11,7.0257
FRA,1995-12,6.7495
FRA,1996-01,6.4441
FRA,1996-02,6.5929
FRA,1996-03,6.6448
FRA,1996-04,6.4986
FRA,1996-05,6.4595
FRA,1996-06,6.547
FRA,1996-07,6.4435
FRA,1996-08,6.343
FRA,1996-09,6.2314
FRA,1996-10,5.9696
FRA,1996-11,5.8289
FRA,1996-12,5.7424
FRA,1997-01,5.6759
FRA,1997-02,5.4605
FRA,1997-03,5.6547
FRA,1997-04,5.8036
FRA,1997-05,5.6937
FRA,1997-06,5.651
FRA,1997-07,5.4709
FRA,1997-08,5.583
FRA,1997-09,5.5205
FRA,1997-10,5.5904
FRA,1997-11,5.565
FRA,1997-12,5.3209
FRA,1998-01,5.1114
FRA,1998-02,5.031
FRA,1998-03,4.9532
FRA,1998-04,4.9576
FRA,1998-05,5.01
FRA,1998-06,4.8605
FRA,1998-07,4.779
FRA,1998-08,4.5229
FRA,1998-09,4.1995
FRA,1998-10,4.1705
FRA,1998-11,4.1795
FRA,1998-12,3.9074
FRA,1999-01,3.77
FRA,1999-02,3.929
FRA,1999-03,4.1335
FRA,1999-04,3.9762
FRA,1999-05,4.16
FRA,1999-06,4.4745
FRA,1999-07,4.8132
FRA,1999-08,5.0105
FRA,1999-09,5.19
FRA,1999-10,5.4333
FRA,1999-11,5.1457
FRA,1999-12,5.2695
FRA,2000-01,5.6624
FRA,2000-02,5.6157
FRA,2000-03,5.4348
FRA,2000-04,5.3328
FRA,2000-05,5.5032
FRA,2000-06,5.3232
FRA,2000-07,5.399
FRA,2000-08,5.3604
FRA,2000-09,5.419
FRA,2000-10,5.355
FRA,2000-11,5.2855
FRA,2000-12,5.0426
FRA,2001-01,4.9405
FRA,2001-02,4.931
FRA,2001-03,4.8377
FRA,2001-04,5.0005
FRA,2001-05,5.2059
FRA,2001-06,5.1505
FRA,2001-07,5.1523
FRA,2001-08,4.953
FRA,2001-09,4.9415
FRA,2001-10,4.7196
FRA,2001-11,4.5745
FRA,2001-12,4.8665
FRA,2002-01,4.9268
FRA,2002-02,4.994
FRA,2002-03,5.243
FRA,2002-04,5.2424
FRA,2002-05,5.2552
FRA,2002-06,5.1125
FRA,2002-07,4.9552
FRA,2002-08,4.6732
FRA,2002-09,4.4624
FRA,2002-10,4.5526
FRA,2002-11,4.534
FRA,2002-12,4.3833
FRA,2003-01,4.2241
FRA,2003-02,4.012
FRA,2003-03,4.0981
FRA,2003-04,4.221
FRA,2003-05,3.8938
FRA,2003-06,3.6933
FRA,2003-07,4.0083
FRA,2003-08,4.1629
FRA,2003-09,4.23
FRA,2003-10,4.283
FRA,2003-11,4.4085
FRA,2003-12,4.3357
FRA,2004-01,4.1981
FRA,2004-02,4.1435
FRA,2004-03,3.9761
FRA,2004-04,4.1824
FRA,2004-05,4.3443
FRA,2004-06,4.3931
FRA,2004-07,4.2723
FRA,2004-08,4.1122
FRA,2004-09,4.0922
FRA,2004-10,3.9759
FRA,2004-11,3.8572
FRA,2004-12,3.6427
FRA,2005-01,3.5754
FRA,2005-02,3.599
FRA,2005-03,3.7514
FRA,2005-04,3.5428
FRA,2005-05,3.3768
FRA,2005-06,3.2017
FRA,2005-07,3.27
FRA,2005-08,3.2985
FRA,2005-09,3.132
FRA,2005-10,3.29
FRA,2005-11,3.4972
FRA,2005-12,3.3785
FRA,2006-01,3.3441
FRA,2006-02,3.508
FRA,2006-03,3.6854
FRA,2006-04,3.9535
FRA,2006-05,4.0014
FRA,2006-06,4.0062
FRA,2006-07,4.0252
FRA,2006-08,3.8975
FRA,2006-09,3.7694
FRA,2006-10,3.8075
FRA,2006-11,3.741
FRA,2006-12,3.8097
FRA,2007-01,4.0694
FRA,2007-02,4.096
FRA,2007-03,3.9968
FRA,2007-04,4.2079
FRA,2007-05,4.3368
FRA,2007-06,4.619
FRA,2007-07,4.5829
FRA,2007-08,4.3889
FRA,2007-09,4.3567
FRA,2007-10,4.4022
FRA,2007-11,4.2277
FRA,2007-12,4.3541
FRA,2008-01,4.15
FRA,2008-02,4.0792
FRA,2008-03,4.0194
FRA,2008-04,4.2699
FRA,2008-05,4.4059
FRA,2008-06,4.7337
FRA,2008-07,4.6903
FRA,2008-08,4.4018
FRA,2008-09,4.3619
FRA,2008-10,4.1836
FRA,2008-11,3.9767
FRA,2008-12,3.5395
FRA,2009-01,3.6016
FRA,2009-02,3.6781
FRA,2009-03,3.6474
FRA,2009-04,3.6591
FRA,2009-05,3.8045
FRA,2009-06,3.8997
FRA,2009-07,3.7329
FRA,2009-08,3.5874
FRA,2009-09,3.5869
FRA,2009-10,3.5579
FRA,2009-11,3.5552
FRA,2009-12,3.4751
FRA,2010-01,3.5157
FRA,2010-02,3.4981
FRA,2010-03,3.4374
FRA,2010-04,3.4016
FRA,2010-05,3.0757
FRA,2010-06,3.0732
FRA,2010-07,2.988
FRA,2010-08,2.6785
FRA,2010-09,2.6783
FRA,2010-10,2.7187
FRA,2010-11,2.9974
FRA,2010-12,3.3416
FRA,2011-01,3.4429
FRA,2011-02,3.6033
FRA,2011-03,3.6096
FRA,2011-04,3.69
FRA,2011-05,3.4892
FRA,2011-06,3.4305
FRA,2011-07,3.3994
FRA,2011-08,2.9845
FRA,2011-09,2.6444
FRA,2011-10,2.9925
FRA,2011-11,3.4075
FRA,2011-12,3.1589
FRA,2012-01,3.1797
FRA,2012-02,3.0158
FRA,2012-03,2.9542
FRA,2012-04,2.9935
FRA,2012-05,2.7518
FRA,2012-06,2.5694
FRA,2012-07,2.2752
FRA,2012-08,2.1194
FRA,2012-09,2.2372
FRA,2012-10,2.1857
FRA,2012-11,2.1397
FRA,2012-12,2.0103
FRA,2013-01,2.1652
FRA,2013-02,2.2446
FRA,2013-03,2.071
FRA,2013-04,1.8028
FRA,2013-05,1.8728
FRA,2013-06,2.2107
FRA,2013-07,2.2468
FRA,2013-08,2.3624
FRA,2013-09,2.4858
FRA,2013-10,2.3943
FRA,2013-11,2.265
FRA,2013-12,2.3308
FRA,2014-01,2.3841
FRA,2014-02,2.2527
FRA,2014-03,2.1519
FRA,2014-04,2.0257
FRA,2014-05,1.8384
FRA,2014-06,1.7119
FRA,2014-07,1.559
FRA,2014-08,1.4064
FRA,2014-09,1.3508
FRA,2014-10,1.2598
FRA,2014-11,1.1358
FRA,2014-12,0.9208
FRA,2015-01,0.6741
FRA,2015-02,0.5968
FRA,2015-03,0.5093
FRA,2015-04,0.435
FRA,2015-05,0.8888
FRA,2015-06,1.1955
FRA,2015-07,1.1136
FRA,2015-08,1.0051
FRA,2015-09,1.0046
FRA,2015-10,0.8652
FRA,2015-11,0.8831
FRA,2015-12,0.9312
FRA,2016-01,0.8428
FRA,2016-02,0.5923
FRA,2016-03,0.5093
FRA,2016-04,0.5142
FRA,2016-05,0.5095
FRA,2016-06,0.39
FRA,2016-07,0.1714
FRA,2016-08,0.1534
FRA,2016-09,0.1837
FRA,2016-10,0.3309
FRA,2016-11,0.6673
FRA,2016-12,0.7498
FRA,2017-01,0.8631
FRA,2017-02,1.0307
FRA,2017-03,1.0216
FRA,2017-04,0.8836
FRA,2017-05,0.8057
FRA,2017-06,0.6641
FRA,2017-07,0.8359
FRA,2017-08,0.7107
FRA,2017-09,0.699
FRA,2017-10,0.812
FRA,2017-11,0.7171
FRA,2017-12,0.6748
FRA,2018-01,0.859
FRA,2018-02,0.9818
FRA,2018-03,0.8352
FRA,2018-04,0.7784
FRA,2018-05,0.781
FRA,2018-06,0.754
FRA,2018-07,0.6653
FRA,2018-08,0.7045
FRA,2018-09,0.7658
FRA,2018-10,0.8229
FRA,2018-11,0.763
FRA,2018-12,0.6984
FRA,2019-01,0.6456
FRA,2019-02,0.5498
FRA,2019-03,0.437
FRA,2019-04,0.3718
FRA,2019-05,0.3045
FRA,2019-06,0.0791
FRA,2019-07,-0.069
FRA,2019-08,-0.3391
FRA,2019-09,-0.2757
FRA,2019-10,-0.1574
FRA,2019-11,-0.0204
FRA,2019-12,0.0362
FRA,2020-01,-0.007
FRA,2020-02,-0.1772
FRA,2020-03,-0.0584
FRA,2020-04,0.0578
FRA,2020-05,-0.0301
FRA,2020-06,-0.044
FRA,2020-07,-0.1478
FRA,2020-08,-0.1713
FRA,2020-09,-0.2072
FRA,2020-10,-0.2966
FRA,2020-11,-0.3262
FRA,2020-12,-0.3352
USA,1982-06,14.3
USA,1982-07,13.95
USA,1982-08,13.06
USA,1982-09,12.34
USA,1982-10,10.91
USA,1982-11,10.55
USA,1982-12,10.54
USA,1983-01,10.46
USA,1983-02,10.72
USA,1983-03,10.51
USA,1983-04,10.4
USA,1983-05,10.38
USA,1983-06,10.85
USA,1983-07,11.38
USA,1983-08,11.85
USA,1983-09,11.65
USA,1983-10,11.54
USA,1983-11,11.69
USA,1983-12,11.83
USA,1984-01,11.67
USA,1984-02,11.84
USA,1984-03,12.32
USA,1984-04,12.63
USA,1984-05,13.41
USA,1984-06,13.56
USA,1984-07,13.36
USA,1984-08,12.72
USA,1984-09,12.52
USA,1984-10,12.16
USA,1984-11,11.57
USA,1984-12,11.5
USA,1985-01,11.38
USA,1985-02,11.51
USA,1985-03,11.86
USA,1985-04,11.43
USA,1985-05,10.85
USA,1985-06,10.16
USA,1985-07,10.31
USA,1985-08,10.33
USA,1985-09,10.37
USA,1985-10,10.24
USA,1985-11,9.78
USA,1985-12,9.26
USA,1986-01,9.19
USA,1986-02,8.7
USA,1986-03,7.78
USA,1986-04,7.3
USA,1986-05,7.71
USA,1986-06,7.8
USA,1986-07,7.3
USA,1986-08,7.17
USA,1986-09,7.45
USA,1986-10,7.43
USA,1986-11,7.25
USA,1986-12,7.11
USA,1987-01,7.08
USA,1987-02,7.25
USA,1987-03,7.25
USA,1987-04,8.02
USA,1987-05,8.61
USA,1987-06,8.4
USA,1987-07,8.45
USA,1987-08,8.76
USA,1987-09,9.42
USA,1987-10,9.52
USA,1987-11,8.86
USA,1987-12,8.99
USA,1988-01,8.67
USA,1988-02,8.21
USA,1988-03,8.37
USA,1988-04,8.72
USA,1988-05,9.09
USA,1988-06,8.92
USA,1988-07,9.06
USA,1988-08,9.26
USA,1988-09,8.98
USA,1988-10,8.8
USA,1988-11,8.96
USA,1988-12,9.11
USA,1989-01,9.09
USA,1989-02,9.17
USA,1989-03,9.36
USA,1989-04,9.18
USA,1989-05,8.86
USA,1989-06,8.28
USA,1989-07,8.02
USA,1989-08,8.11
USA,1989-09,8.19
USA,1989-10,8.01
USA,1989-11,7.87
USA,1989-12,7.84
USA,1990-01,8.21
USA,1990-02,8.47
USA,1990-03,8.59
USA,1990-04,8.79
USA,1990-05,8.76
USA,1990-06,8.48
USA,1990-07,8.47
USA,1990-08,8.75
USA,1990-09,8.89
USA,1990-10,8.72
USA,1990-11,8.39
USA,1990-12,8.08
USA,1991-01,8.09
USA,1991-02,7.85
USA,1991-03,8.11
USA,1991-04,8.04
USA,1991-05,8.07
USA,1991-06,8.28
USA,1991-07,8.27
USA,1991-08,7.9
USA,1991-09,7.65
USA,1991-10,7.53
USA,1991-11,7.42
USA,1991-12,7.09
USA,1992-01,7.03
USA,1992-02,7.34
USA,1992-03,7.54
USA,1992-04,7.48
USA,1992-05,7.39
USA,1992-06,7.26
USA,1992-07,6.84
USA,1992-08,6.59
USA,1992-09,6.42
USA,1992-10,6.59
USA,1992-11,6.87
USA,1992-12,6.77
USA,1993-01,6.6
USA,1993-02,6.26
USA,1993-03,5.98
USA,1993-04,5.97
USA,1993-05,6.04
USA,1993-06,5.96
USA,1993-07,5.81
USA,1993-08,5.68
USA,1993-09,5.36
USA,1993-10,5.33
USA,1993-11,5.72
USA,1993-12,5.77
USA,1994-01,5.75
USA,1994-02,5.97
USA,1994-03,6.48
USA,1994-04,6.97
USA,1994-05,7.18
USA,1994-06,7.1
USA,1994-07,7.3
USA,1994-08,7.24
USA,1994-09,7.46
USA,1994-10,7.74
USA,1994-11,7.96
USA,1994-12,7.81
USA,1995-01,7.78
USA,1995-02,7.47
USA,1995-03,7.2
USA,1995-04,7.06
USA,1995-05,6.63
USA,1995-06,6.17
USA,1995-07,6.28
USA,1995-08,6.49
USA,1995-09,6.2
USA,1995-10,6.04
USA,1995-11,5.93
USA,1995-12,5.71
USA,1996-01,5.65
USA,1996-02,5.81
USA,1996-03,6.27
USA,1996-04,6.51
USA,1996-05,6.74
USA,1996-06,6.91
USA,1996-07,6.87
USA,1996-08,6.64
USA,1996-09,6.83
USA,1996-10,6.53
USA,1996-11,6.2
USA,1996-12,6.3
USA,1997-01,6.58
USA,1997-02,6.42
USA,1997-03,6.69
USA,1997-04,6.89
USA,1997-05,6.71
USA,1997-06,6.49
USA,1997-07,6.22
USA,1997-08,6.3
USA,1997-09,6.21
USA,1997-10,6.03
USA,1997-11,5.88
USA,1997-12,5.81
USA,1998-01,5.54
USA,1998-02,5.57
USA,1998-03,5.65
USA,1998-04,5.64
USA,1998-05,5.65
USA,1998-06,5.5
USA,1998-07,5.46
USA,1998-08,5.34
USA,1998-09,4.81
USA,1998-10,4.53
USA,1998-11,4.83
USA,1998-12,4.65
USA,1999-01,4.72
USA,1999-02,5
USA,1999-03,5.23
USA,1999-04,5.18
USA,1999-05,5.54
USA,1999-06,5.9
USA,1999-07,5.79
USA,1999-08,5.94
USA,1999-09,5.92
USA,1999-10,6.11
USA,1999-11,6.03
USA,1999-12,6.28
USA,2000-01,6.66
USA,2000-02,6.52
USA,2000-03,6.26
USA,2000-04,5.99
USA,2000-05,6.44
USA,2000-06,6.1
USA,2000-07,6.05
USA,2000-08,5.83
USA,2000-09,5.8
USA,2000-10,5.74
USA,2000-11,5.72
USA,2000-12,5.24
USA,2001-01,5.16
USA,2001-02,5.1
USA,2001-03,4.89
USA,2001-04,5.14
USA,2001-05,5.39
USA,2001-06,5.28
USA,2001-07,5.24
USA,2001-08,4.97
USA,2001-09,4.73
USA,2001-10,4.57
USA,2001-11,4.65
USA,2001-12,5.09
USA,2002-01,5.04
USA,2002-02,4.91
USA,2002-03,5.28
USA,2002-04,5.21
USA,2002-05,5.16
USA,2002-06,4.93
USA,2002-07,4.65
USA,2002-08,4.26
USA,2002-09,3.87
USA,2002-10,3.94
USA,2002-11,4.05
USA,2002-12,4.03
USA,2003-01,4.05
USA,2003-02,3.9
USA,2003-03,3.81
USA,2003-04,3.96
USA,2003-05,3.57
USA,2003-06,3.33
USA,2003-07,3.98
USA,2003-08,4.45
USA,2003-09,4.27
USA,2003-10,4.29
USA,2003-11,4.3
USA,2003-12,4.27
USA,2004-01,4.15
USA,2004-02,4.08
USA,2004-03,3.83
USA,2004-04,4.35
USA,2004-05,4.72
USA,2004-06,4.73
USA,2004-07,4.5
USA,2004-08,4.28
USA,2004-09,4.13
USA,2004-10,4.1
USA,2004-11,4.19
USA,2004-12,4.23
USA,2005-01,4.22
USA,2005-02,4.17
USA,2005-03,4.5
USA,2005-04,4.34
USA,2005-05,4.14
USA,2005-06,4
USA,2005-07,4.18
USA,2005-08,4.26
USA,2005-09,4.2
USA,2005-10,4.46
USA,2005-11,4.54
USA,2005-12,4.47
USA,2006-01,4.42
USA,2006-02,4.57
USA,2006-03,4.72
USA,2006-04,4.99
USA,2006-05,5.11
USA,2006-06,5.11
USA,2006-07,5.09
USA,2006-08,4.88
USA,2006-09,4.72
USA,2006-10,4.73
USA,2006-11,4.6
USA,2006-12,4.56
USA,2007-01,4.76
USA,2007-02,4.72
USA,2007-03,4.56
USA,2007-04,4.69
USA,2007-05,4.75
USA,2007-06,5.1
USA,2007-07,5
USA,2007-08,4.67
USA,2007-09,4.52
USA,2007-10,4.53
USA,2007-11,4.15
USA,2007-12,4.1
USA,2008-01,3.74
USA,2008-02,3.74
USA,2008-03,3.51
USA,2008-04,3.68
USA,2008-05,3.88
USA,2008-06,4.1
USA,2008-07,4.01
USA,2008-08,3.89
USA,2008-09,3.69
USA,2008-10,3.81
USA,2008-11,3.53
USA,2008-12,2.42
USA,2009-01,2.52
USA,2009-02,2.87
USA,2009-03,2.82
USA,2009-04,2.93
USA,2009-05,3.29
USA,2009-06,3.72
USA,2009-07,3.56
USA,2009-08,3.59
USA,2009-09,3.4
USA,2009-10,3.39
USA,2009-11,3.4
USA,2009-12,3.59
USA,2010-01,3.73
USA,2010-02,3.69
USA,2010-03,3.73
USA,2010-04,3.85
USA,2010-05,3.42
USA,2010-06,3.2
USA,2010-07,3.01
USA,2010-08,2.7
USA,2010-09,2.65
USA,2010-10,2.54
USA,2010-11,2.76
USA,2010-12,3.29
USA,2011-01,3.39
USA,2011-02,3.58
USA,2011-03,3.41
USA,2011-04,3.46
USA,2011-05,3.17
USA,2011-06,3
USA,2011-07,3
USA,2011-08,2.3
USA,2011-09,1.98
USA,2011-10,2.15
USA,2011-11,2.01
USA,2011-12,1.98
USA,2012-01,1.97
USA,2012-02,1.97
USA,2012-03,2.17
USA,2012-04,2.05
USA,2012-05,1.8
USA,2012-06,1.62
USA,2012-07,1.53
USA,2012-08,1.68
USA,2012-09,1.72
USA,2012-10,1.75
USA,2012-11,1.65
USA,2012-12,1.72
USA,2013-01,1.91
USA,2013-02,1.98
USA,2013-03,1.96
USA,2013-04,1.76
USA,2013-05,1.93
USA,2013-06,2.3
USA,2013-07,2.58
USA,2013-08,2.74
USA,2013-09,2.81
USA,2013-10,2.62
USA,2013-11,2.72
USA,2013-12,2.9
USA,2014-01,2.86
USA,2014-02,2.71
USA,2014-03,2.72
USA,2014-04,2.71
USA,2014-05,2.56
USA,2014-06,2.6
USA,2014-07,2.54
USA,2014-08,2.42
USA,2014-09,2.53
USA,2014-10,2.3
USA,2014-11,2.33
USA,2014-12,2.21
USA,2015-01,1.88
USA,2015-02,1.98
USA,2015-03,2.04
USA,2015-04,1.94
USA,2015-05,2.2
USA,2015-06,2.36
USA,2015-07,2.32
USA,2015-08,2.17
USA,2015-09,2.17
USA,2015-10,2.07
USA,2015-11,2.26
USA,2015-12,2.24
USA,2016-01,2.09
USA,2016-02,1.78
USA,2016-03,1.89
USA,2016-04,1.81
USA,2016-05,1.81
USA,2016-06,1.64
USA,2016-07,1.5
USA,2016-08,1.56
USA,2016-09,1.63
USA,2016-10,1.76
USA,2016-11,2.14
USA,2016-12,2.49
USA,2017-01,2.43
USA,2017-02,2.42
USA,2017-03,2.48
USA,2017-04,2.3
USA,2017-05,2.3
USA,2017-06,2.19
USA,2017-07,2.32
USA,2017-08,2.21
USA,2017-09,2.2
USA,2017-10,2.36
USA,2017-11,2.35
USA,2017-12,2.4
USA,2018-01,2.58
USA,2018-02,2.86
USA,2018-03,2.84
USA,2018-04,2.87
USA,2018-05,2.98
USA,2018-06,2.91
USA,2018-07,2.89
USA,2018-08,2.89
USA,2018-09,3
USA,2018-10,3.15
USA,2018-11,3.12
USA,2018-12,2.83
USA,2019-01,2.71
USA,2019-02,2.68
USA,2019-03,2.57
USA,2019-04,2.53
USA,2019-05,2.4
USA,2019-06,2.07
USA,2019-07,2.06
USA,2019-08,1.63
USA,2019-09,1.7
USA,2019-10,1.71
USA,2019-11,1.81
USA,2019-12,1.86
USA,2020-01,1.76
USA,2020-02,1.5
USA,2020-03,0.87
USA,2020-04,0.66
USA,2020-05,0.67
USA,2020-06,0.73
USA,2020-07,0.62
USA,2020-08,0.65
USA,2020-09,0.68
USA,2020-10,0.79
USA,2020-11,0.87
USA,2020-12,0.93
GBR,1982-06,13.75
GBR,1982-07,13.35
GBR,1982-08,12.21
GBR,1982-09,11.51
GBR,1982-10,10.69
GBR,1982-11,10.8
GBR,1982-12,11.58
GBR,1983-01,11.87
GBR,1983-02,11.79
GBR,1983-03,11.38
GBR,1983-04,11.06
GBR,1983-05,11.16
GBR,1983-06,10.99
GBR,1983-07,11.53
GBR,1983-08,11.72
GBR,1983-09,11.25
GBR,1983-10,11.02
GBR,1983-11,10.68
GBR,1983-12,10.77
GBR,1984-01,10.77
GBR,1984-02,10.87
GBR,1984-03,10.66
GBR,1984-04,10.85
GBR,1984-05,11.38
GBR,1984-06,11.59
GBR,1984-07,12.07
GBR,1984-08,11.41
GBR,1984-09,11.23
GBR,1984-10,11.1
GBR,1984-11,10.73
GBR,1984-12,10.87
GBR,1985-01,11.36
GBR,1985-02,11.49
GBR,1985-03,11.33
GBR,1985-04,11.07
GBR,1985-05,11.23
GBR,1985-06,11.03
GBR,1985-07,10.77
GBR,1985-08,10.69
GBR,1985-09,10.68
GBR,1985-10,10.52
GBR,1985-11,10.69
GBR,1985-12,10.78
GBR,1986-01,11.13
GBR,1986-02,10.73
GBR,1986-03,9.69
GBR,1986-04,8.94
GBR,1986-05,9.15
GBR,1986-06,9.45
GBR,1986-07,9.61
GBR,1986-08,9.66
GBR,1986-09,10.28
GBR,1986-10,10.92
GBR,1986-11,11.08
GBR,1986-12,10.98
GBR,1987-01,10.27
GBR,1987-02,9.97
GBR,1987-03,9.11
GBR,1987-04,9.14
GBR,1987-05,8.8
GBR,1987-06,8.93
GBR,1987-07,9.29
GBR,1987-08,10.13
GBR,1987-09,10.21
GBR,1987-10,10.14
GBR,1987-11,9.23
GBR,1987-12,9.63
GBR,1988-01,9.71
GBR,1988-02,9.52
GBR,1988-03,9.22
GBR,1988-04,9.2
GBR,1988-05,9.41
GBR,1988-06,9.51
GBR,1988-07,9.84
GBR,1988-08,9.91
GBR,1988-09,10.1
GBR,1988-10,9.69
GBR,1988-11,9.86
GBR,1988-12,10.14
GBR,1989-01,9.96
GBR,1989-02,9.72
GBR,1989-03,9.88
GBR,1989-04,10.18
GBR,1989-05,10.17
GBR,1989-06,10.55
GBR,1989-07,10.15
GBR,1989-08,9.91
GBR,1989-09,10.21
GBR,1989-10,10.45
GBR,1989-11,10.55
GBR,1989-12,10.56
GBR,1990-01,10.89
GBR,1990-02,11.33
GBR,1990-03,12.42
GBR,1990-04,12.74
GBR,1990-05,12.41
GBR,1990-06,11.8
GBR,1990-07,11.84
GBR,1990-08,12.15
GBR,1990-09,12.1
GBR,1990-10,11.74
GBR,1990-11,11.37
GBR,1990-12,10.84
GBR,1991-01,10.59
GBR,1991-02,10.13
GBR,1991-03,10.29
GBR,1991-04,10.19
GBR,1991-05,10.38
GBR,1991-06,10.58
GBR,1991-07,10.28
GBR,1991-08,10.03
GBR,1991-09,9.64
GBR,1991-10,9.72
GBR,1991-11,9.77
GBR,1991-12,9.66
GBR,1992-01,9.46
GBR,1992-02,9.3
GBR,1992-03,9.68
GBR,1992-04,9.43
GBR,1992-05,9.02
GBR,1992-06,9.12
GBR,1992-07,9.05
GBR,1992-08,9.35
GBR,1992-09,9.19
GBR,1992-10,8.65
GBR,1992-11,8.19
GBR,1992-12,8.32
GBR,1993-01,8.29
GBR,1993-02,7.95
GBR,1993-03,7.72
GBR,1993-04,7.89
GBR,1993-05,8.15
GBR,1993-06,7.96
GBR,1993-07,7.62
GBR,1993-08,7.07
GBR,1993-09,6.96
GBR,1993-10,6.87
GBR,1993-11,6.85
GBR,1993-12,6.4253
GBR,1994-01,6.3794
GBR,1994-02,6.7572
GBR,1994-03,7.417
GBR,1994-04,7.8401
GBR,1994-05,8.2825
GBR,1994-06,8.7105
GBR,1994-07,8.533
GBR,1994-08,8.6524
GBR,1994-09,8.8959
GBR,1994-10,8.7797
GBR,1994-11,8.6361
GBR,1994-12,8.5814
GBR,1995-01,8.7349
GBR,1995-02,8.6557
GBR,1995-03,8.5938
GBR,1995-04,8.4378
GBR,1995-05,8.1802
GBR,1995-06,8.1097
GBR,1995-07,8.2613
GBR,1995-08,8.1169
GBR,1995-09,7.9486
GBR,1995-10,8.0967
GBR,1995-11,7.7752
GBR,1995-12,7.4926
GBR,1996-01,7.4408
GBR,1996-02,7.7618
GBR,1996-03,8.057
GBR,1996-04,8.0602
GBR,1996-05,8.0871
GBR,1996-06,8.054
GBR,1996-07,7.9162
GBR,1996-08,7.8219
GBR,1996-09,7.8151
GBR,1996-10,7.5413
GBR,1996-11,7.5952
GBR,1996-12,7.5716
GBR,1997-01,7.5552
GBR,1997-02,7.1962
GBR,1997-03,7.4544
GBR,1997-04,7.638
GBR,1997-05,7.1681
GBR,1997-06,7.1418
GBR,1997-07,7.0577
GBR,1997-08,7.0893
GBR,1997-09,6.8216
GBR,1997-10,6.5109
GBR,1997-11,6.624
GBR,1997-12,6.3739
GBR,1998-01,6.0978
GBR,1998-02,6.0461
GBR,1998-03,5.992
GBR,1998-04,5.8249
GBR,1998-05,5.8648
GBR,1998-06,5.7743
GBR,1998-07,5.8319
GBR,1998-08,5.5706
GBR,1998-09,5.151
GBR,1998-10,5.0114
GBR,1998-11,4.9292
GBR,1998-12,4.5175
GBR,1999-01,4.2868
GBR,1999-02,4.4319
GBR,1999-03,4.6554
GBR,1999-04,4.592
GBR,1999-05,4.9068
GBR,1999-06,5.1716
GBR,1999-07,5.3721
GBR,1999-08,5.4312
GBR,1999-09,5.6909
GBR,1999-10,5.8801
GBR,1999-11,5.3145
GBR,1999-12,5.389
GBR,2000-01,5.8227
GBR,2000-02,5.6347
GBR,2000-03,5.3707
GBR,2000-04,5.3213
GBR,2000-05,5.4033
GBR,2000-06,5.2097
GBR,2000-07,5.2388
GBR,2000-08,5.3312
GBR,2000-09,5.3873
GBR,2000-10,5.2179
GBR,2000-11,5.0983
GBR,2000-12,4.9118
GBR,2001-01,4.8471
GBR,2001-02,4.8248
GBR,2001-03,4.703
GBR,2001-04,4.9468
GBR,2001-05,5.1153
GBR,2001-06,5.1951
GBR,2001-07,5.2037
GBR,2001-08,4.9854
GBR,2001-09,4.9876
GBR,2001-10,4.8253
GBR,2001-11,4.6271
GBR,2001-12,4.8928
GBR,2002-01,4.9171
GBR,2002-02,4.9251
GBR,2002-03,5.2202
GBR,2002-04,5.2331
GBR,2002-05,5.2689
GBR,2002-06,5.099
GBR,2002-07,5.0027
GBR,2002-08,4.746
GBR,2002-09,4.5006
GBR,2002-10,4.616
GBR,2002-11,4.6378
GBR,2002-12,4.5644
GBR,2003-01,4.3899
GBR,2003-02,4.2131
GBR,2003-03,4.3243
GBR,2003-04,4.4663
GBR,2003-05,4.2197
GBR,2003-06,4.1127
GBR,2003-07,4.4078
GBR,2003-08,4.604
GBR,2003-09,4.7132
GBR,2003-10,4.9071
GBR,2003-11,5.065
GBR,2003-12,4.896
GBR,2004-01,4.7875
GBR,2004-02,4.8056
GBR,2004-03,4.7088
GBR,2004-04,4.957
GBR,2004-05,5.1118
GBR,2004-06,5.2
GBR,2004-07,5.1083
GBR,2004-08,5.0071
GBR,2004-09,4.9109
GBR,2004-10,4.7683
GBR,2004-11,4.6903
GBR,2004-12,4.5316
GBR,2005-01,4.5419
GBR,2005-02,4.5884
GBR,2005-03,4.796
GBR,2005-04,4.6218
GBR,2005-05,4.4173
GBR,2005-06,4.2847
GBR,2005-07,4.3011
GBR,2005-08,4.3249
GBR,2005-09,4.2109
GBR,2005-10,4.3482
GBR,2005-11,4.3129
GBR,2005-12,4.2186
GBR,2006-01,4.0752
GBR,2006-02,4.1543
GBR,2006-03,4.3177
GBR,2006-04,4.5177
GBR,2006-05,4.6488
GBR,2006-06,4.6645
GBR,2006-07,4.656
GBR,2006-08,4.6535
GBR,2006-09,4.5522
GBR,2006-10,4.6155
GBR,2006-11,4.5452
GBR,2006-12,4.6195
GBR,2007-01,4.8694
GBR,2007-02,4.896
GBR,2007-03,4.8194
GBR,2007-04,5.0439
GBR,2007-05,5.1458
GBR,2007-06,5.4321
GBR,2007-07,5.4084
GBR,2007-08,5.1499
GBR,2007-09,4.9928
GBR,2007-10,4.9576
GBR,2007-11,4.7263
GBR,2007-12,4.6937
GBR,2008-01,4.4925
GBR,2008-02,4.6234
GBR,2008-03,4.445
GBR,2008-04,4.6432
GBR,2008-05,4.8683
GBR,2008-06,5.2103
GBR,2008-07,5.0494
GBR,2008-08,4.7267
GBR,2008-09,4.5701
GBR,2008-10,4.5789
GBR,2008-11,4.2571
GBR,2008-12,3.6238
GBR,2009-01,3.6699
GBR,2009-02,3.6899
GBR,2009-03,3.2497
GBR,2009-04,3.4072
GBR,2009-05,3.6206
GBR,2009-06,3.7221
GBR,2009-07,3.8238
GBR,2009-08,3.7142
GBR,2009-09,3.6566
GBR,2009-10,3.5699
GBR,2009-11,3.7592
GBR,2009-12,3.8871
GBR,2010-01,4.0025
GBR,2010-02,4.0624
GBR,2010-03,4.0915
GBR,2010-04,4.1007
GBR,2010-05,3.7772
GBR,2010-06,3.6007
GBR,2010-07,3.5087
GBR,2010-08,3.233
GBR,2010-09,3.1271
GBR,2010-10,3.0685
GBR,2010-11,3.311
GBR,2010-12,3.6098
GBR,2011-01,3.7273
GBR,2011-02,3.8799
GBR,2011-03,3.7386
GBR,2011-04,3.7619
GBR,2011-05,3.5053
GBR,2011-06,3.4144
GBR,2011-07,3.3137
GBR,2011-08,2.7833
GBR,2011-09,2.504
GBR,2011-10,2.529
GBR,2011-11,2.2917
GBR,2011-12,2.1828
GBR,2012-01,2.1104
GBR,2012-02,2.2191
GBR,2012-03,2.323
GBR,2012-04,2.2117
GBR,2012-05,1.9416
GBR,2012-06,1.7698
GBR,2012-07,1.6523
GBR,2012-08,1.6735
GBR,2012-09,1.7222
GBR,2012-10,1.7721
GBR,2012-11,1.7741
GBR,2012-12,1.8467
GBR,2013-01,2.0795
GBR,2013-02,2.1781
GBR,2013-03,1.9768
GBR,2013-04,1.7824
GBR,2013-05,1.9462
GBR,2013-06,2.3063
GBR,2013-07,2.471
GBR,2013-08,2.7088
GBR,2013-09,2.8443
GBR,2013-10,2.6784
GBR,2013-11,2.7598
GBR,2013-12,2.9458
GBR,2014-01,2.91
GBR,2014-02,2.8147
GBR,2014-03,2.7837
GBR,2014-04,2.7417
GBR,2014-05,2.6989
GBR,2014-06,2.7842
GBR,2014-07,2.7343
GBR,2014-08,2.5347
GBR,2014-09,2.4919
GBR,2014-10,2.2469
GBR,2014-11,2.1593
GBR,2014-12,1.9287
GBR,2015-01,1.589
GBR,2015-02,1.7365
GBR,2015-03,1.7941
GBR,2015-04,1.755
GBR,2015-05,2.0243
GBR,2015-06,2.1696
GBR,2015-07,2.1353
GBR,2015-08,1.9799
GBR,2015-09,1.8814
GBR,2015-10,1.846
GBR,2015-11,1.9779
GBR,2015-12,1.9234
GBR,2016-01,1.7833
GBR,2016-02,1.5032
GBR,2016-03,1.5434
GBR,2016-04,1.5688
GBR,2016-05,1.5366
GBR,2016-06,1.3105
GBR,2016-07,0.9569
GBR,2016-08,0.7421
GBR,2016-09,0.8243
GBR,2016-10,1.078
GBR,2016-11,1.3818
GBR,2016-12,1.4336
GBR,2017-01,1.4203
GBR,2017-02,1.3058
GBR,2017-03,1.194
GBR,2017-04,1.0789
GBR,2017-05,1.1175
GBR,2017-06,1.0846
GBR,2017-07,1.2713
GBR,2017-08,1.1241
GBR,2017-09,1.2436
GBR,2017-10,1.3816
GBR,2017-11,1.3299
GBR,2017-12,1.2781
GBR,2018-01,1.3931
GBR,2018-02,1.6034
GBR,2018-03,1.508
GBR,2018-04,1.5108
GBR,2018-05,1.5016
GBR,2018-06,1.4229
GBR,2018-07,1.3739
GBR,2018-08,1.3991
GBR,2018-09,1.5023
GBR,2018-10,1.5462
GBR,2018-11,1.4541
GBR,2018-12,1.3125
GBR,2019-01,1.3221
GBR,2019-02,1.239
GBR,2019-03,1.19
GBR,2019-04,1.1906
GBR,2019-05,1.13
GBR,2019-06,0.919
GBR,2019-07,0.8304
GBR,2019-08,0.5776
GBR,2019-09,0.5981
GBR,2019-10,0.6373
GBR,2019-11,0.765
GBR,2019-12,0.8308
GBR,2020-01,0.7235
GBR,2020-02,0.633
GBR,2020-03,0.4609
GBR,2020-04,0.3577
GBR,2020-05,0.2743
GBR,2020-06,0.278
GBR,2020-07,0.2094
GBR,2020-08,0.2717
GBR,2020-09,0.273
GBR,2020-10,0.3058
GBR,2020-11,0.3836
GBR,2020-12,0.3224
JPN,1989-01,4.8
JPN,1989-02,4.894
JPN,1989-03,5.147
JPN,1989-04,5.221
JPN,1989-05,5.174
JPN,1989-06,5.225
JPN,1989-07,5.04
JPN,1989-08,4.883
JPN,1989-09,5.096
JPN,1989-10,5.156
JPN,1989-11,5.371
JPN,1989-12,5.52
JPN,1990-01,6.449
JPN,1990-02,6.778
JPN,1990-03,6.899
JPN,1990-04,6.906
JPN,1990-05,6.508
JPN,1990-06,6.421
JPN,1990-07,6.772
JPN,1990-08,7.62
JPN,1990-09,8.032
JPN,1990-10,7.6
JPN,1990-11,7.08
JPN,1990-12,6.454
JPN,1991-01,6.432
JPN,1991-02,6.309
JPN,1991-03,6.591
JPN,1991-04,6.64
JPN,1991-05,6.637
JPN,1991-06,6.735
JPN,1991-07,6.67
JPN,1991-08,6.414
JPN,1991-09,6.081
JPN,1991-10,5.885
JPN,1991-11,5.927
JPN,1991-12,5.719
JPN,1992-01,5.449
JPN,1992-02,5.578
JPN,1992-03,5.531
JPN,1992-04,5.71
JPN,1992-05,5.739
JPN,1992-06,5.64
JPN,1992-07,5.408
JPN,1992-08,5.112
JPN,1992-09,5.021
JPN,1992-10,5.015
JPN,1992-11,4.868
JPN,1992-12,4.848
JPN,1993-01,4.723
JPN,1993-02,4.409
JPN,1993-03,4.318
JPN,1993-04,4.593
JPN,1993-05,4.943
JPN,1993-06,4.836
JPN,1993-07,4.517
JPN,1993-08,4.407
JPN,1993-09,4.016
JPN,1993-10,3.931
JPN,1993-11,3.762
JPN,1993-12,3.396
JPN,1994-01,3.597
JPN,1994-02,4.041
JPN,1994-03,4.453
JPN,1994-04,4.093
JPN,1994-05,3.984
JPN,1994-06,4.278
JPN,1994-07,4.531
JPN,1994-08,4.778
JPN,1994-09,4.642
JPN,1994-10,4.684
JPN,1994-11,4.718
JPN,1994-12,4.561
JPN,1995-01,4.605
JPN,1995-02,4.515
JPN,1995-03,4.113
JPN,1995-04,3.545
JPN,1995-05,3.386
JPN,1995-06,3.024
JPN,1995-07,2.933
JPN,1995-08,3.215
JPN,1995-09,3.03
JPN,1995-10,2.925
JPN,1995-11,3.048
JPN,1995-12,2.983
JPN,1996-01,3.12
JPN,1996-02,3.271
JPN,1996-03,3.299
JPN,1996-04,3.301
JPN,1996-05,3.388
JPN,1996-06,3.252
JPN,1996-07,3.294
JPN,1996-08,3.209
JPN,1996-09,2.928
JPN,1996-10,2.8
JPN,1996-11,2.759
JPN,1996-12,2.597
JPN,1997-01,2.632
JPN,1997-02,2.583
JPN,1997-03,2.524
JPN,1997-04,2.382
JPN,1997-05,2.736
JPN,1997-06,2.684
JPN,1997-07,2.505
JPN,1997-08,2.354
JPN,1997-09,2.21
JPN,1997-10,1.994
JPN,1997-11,1.941
JPN,1997-12,1.939
JPN,1998-01,1.948
JPN,1998-02,2
JPN,1998-03,1.855
JPN,1998-04,1.867
JPN,1998-05,1.655
JPN,1998-06,1.54
JPN,1998-07,1.683
JPN,1998-08,1.502
JPN,1998-09,1.103
JPN,1998-10,0.879
JPN,1998-11,0.977
JPN,1998-12,1.488
JPN,1999-01,1.91
JPN,1999-02,2.117
JPN,1999-03,1.816
JPN,1999-04,1.563
JPN,1999-05,1.334
JPN,1999-06,1.632
JPN,1999-07,1.703
JPN,1999-08,1.878
JPN,1999-09,1.759
JPN,1999-10,1.692
JPN,1999-11,1.817
JPN,1999-12,1.767
JPN,2000-01,1.691
JPN,2000-02,1.796
JPN,2000-03,1.819
JPN,2000-04,1.74
JPN,2000-05,1.705
JPN,2000-06,1.664
JPN,2000-07,1.689
JPN,2000-08,1.75
JPN,2000-09,1.876
JPN,2000-10,1.815
JPN,2000-11,1.764
JPN,2000-12,1.624
JPN,2001-01,1.508
JPN,2001-02,1.415
JPN,2001-03,1.169
JPN,2001-04,1.315
JPN,2001-05,1.25
JPN,2001-06,1.152
JPN,2001-07,1.305
JPN,2001-08,1.343
JPN,2001-09,1.346
JPN,2001-10,1.363
JPN,2001-11,1.328
JPN,2001-12,1.334
JPN,2002-01,1.42
JPN,2002-02,1.501
JPN,2002-03,1.421
JPN,2002-04,1.394
JPN,2002-05,1.365
JPN,2002-06,1.328
JPN,2002-07,1.296
JPN,2002-08,1.255
JPN,2002-09,1.129
JPN,2002-10,1.095
JPN,2002-11,0.979
JPN,2002-12,0.975
JPN,2003-01,0.836
JPN,2003-02,0.828
JPN,2003-03,0.724
JPN,2003-04,0.663
JPN,2003-05,0.577
JPN,2003-06,0.529
JPN,2003-07,0.956
JPN,2003-08,1.406
JPN,2003-09,1.42
JPN,2003-10,1.437
JPN,2003-11,1.333
JPN,2003-12,1.33
JPN,2004-01,1.33
JPN,2004-02,1.211
JPN,2004-03,1.418
JPN,2004-04,1.52
JPN,2004-05,1.505
JPN,2004-06,1.807
JPN,2004-07,1.808
JPN,2004-08,1.588
JPN,2004-09,1.393
JPN,2004-10,1.483
JPN,2004-11,1.452
JPN,2004-12,1.397
JPN,2005-01,1.31
JPN,2005-02,1.419
JPN,2005-03,1.325
JPN,2005-04,1.257
JPN,2005-05,1.238
JPN,2005-06,1.143
JPN,2005-07,1.295
JPN,2005-08,1.365
JPN,2005-09,1.45
JPN,2005-10,1.513
JPN,2005-11,1.454
JPN,2005-12,1.488
JPN,2006-01,1.547
JPN,2006-02,1.598
JPN,2006-03,1.759
JPN,2006-04,1.956
JPN,2006-05,1.849
JPN,2006-06,1.901
JPN,2006-07,1.927
JPN,2006-08,1.668
JPN,2006-09,1.628
JPN,2006-10,1.718
JPN,2006-11,1.69
JPN,2006-12,1.645
JPN,2007-01,1.705
JPN,2007-02,1.64
JPN,2007-03,1.629
JPN,2007-04,1.653
JPN,2007-05,1.733
JPN,2007-06,1.903
JPN,2007-07,1.809
JPN,2007-08,1.577
JPN,2007-09,1.698
JPN,2007-10,1.616
JPN,2007-11,1.497
JPN,2007-12,1.526
JPN,2008-01,1.429
JPN,2008-02,1.429
JPN,2008-03,1.245
JPN,2008-04,1.6
JPN,2008-05,1.778
JPN,2008-06,1.601
JPN,2008-07,1.537
JPN,2008-08,1.431
JPN,2008-09,1.481
JPN,2008-10,1.486
JPN,2008-11,1.377
JPN,2008-12,1.214
JPN,2009-01,1.272
JPN,2009-02,1.277
JPN,2009-03,1.323
JPN,2009-04,1.402
JPN,2009-05,1.481
JPN,2009-06,1.363
JPN,2009-07,1.386
JPN,2009-08,1.314
JPN,2009-09,1.258
JPN,2009-10,1.404
JPN,2009-11,1.253
JPN,2009-12,1.272
JPN,2010-01,1.308
JPN,2010-02,1.295
JPN,2010-03,1.361
JPN,2010-04,1.286
JPN,2010-05,1.257
JPN,2010-06,1.08
JPN,2010-07,1.075
JPN,2010-08,1.023
JPN,2010-09,0.898
JPN,2010-10,0.903
JPN,2010-11,1.161
JPN,2010-12,1.133
JPN,2011-01,1.213
JPN,2011-02,1.241
JPN,2011-03,1.214
JPN,2011-04,1.215
JPN,2011-05,1.118
JPN,2011-06,1.084
JPN,2011-07,1.075
JPN,2011-08,1.023
JPN,2011-09,0.975
JPN,2011-10,1.038
JPN,2011-11,1.062
JPN,2011-12,0.971
JPN,2012-01,0.959
JPN,2012-02,0.962
JPN,2012-03,0.966
JPN,2012-04,0.914
JPN,2012-05,0.846
JPN,2012-06,0.789
JPN,2012-07,0.78
JPN,2012-08,0.8
JPN,2012-09,0.757
JPN,2012-10,0.76
JPN,2012-11,0.713
JPN,2012-12,0.781
JPN,2013-01,0.775
JPN,2013-02,0.669
JPN,2013-03,0.492
JPN,2013-04,0.589
JPN,2013-05,0.879
JPN,2013-06,0.822
JPN,2013-07,0.79
JPN,2013-08,0.708
JPN,2013-09,0.669
JPN,2013-10,0.59
JPN,2013-11,0.605
JPN,2013-12,0.688
JPN,2014-01,0.614
JPN,2014-02,0.586
JPN,2014-03,0.605
JPN,2014-04,0.61
JPN,2014-05,0.566
JPN,2014-06,0.536
JPN,2014-07,0.527
JPN,2014-08,0.488
JPN,2014-09,0.497
JPN,2014-10,0.465
JPN,2014-11,0.42
JPN,2014-12,0.33
JPN,2015-01,0.275
JPN,2015-02,0.33
JPN,2015-03,0.4
JPN,2015-04,0.34
JPN,2015-05,0.39
JPN,2015-06,0.455
JPN,2015-07,0.41
JPN,2015-08,0.38
JPN,2015-09,0.35
JPN,2015-10,0.3
JPN,2015-11,0.3
JPN,2015-12,0.27
JPN,2016-01,0.095
JPN,2016-02,-0.065
JPN,2016-03,-0.05
JPN,2016-04,-0.085
JPN,2016-05,-0.12
JPN,2016-06,-0.23
JPN,2016-07,-0.195
JPN,2016-08,-0.07
JPN,2016-09,-0.085
JPN,2016-10,-0.05
JPN,2016-11,0.02
JPN,2016-12,0.04
JPN,2017-01,0.085
JPN,2017-02,0.05
JPN,2017-03,0.065
JPN,2017-04,0.015
JPN,2017-05,0.04
JPN,2017-06,0.075
JPN,2017-07,0.075
JPN,2017-08,0.01
JPN,2017-09,0.06
JPN,2017-10,0.065
JPN,2017-11,0.035
JPN,2017-12,0.045
JPN,2018-01,0.08
JPN,2018-02,0.045
JPN,2018-03,0.045
JPN,2018-04,0.05
JPN,2018-05,0.03
JPN,2018-06,0.03
JPN,2018-07,0.06
JPN,2018-08,0.11
JPN,2018-09,0.125
JPN,2018-10,0.13
JPN,2018-11,0.085
JPN,2018-12,-0.01
JPN,2019-01,0
JPN,2019-02,-0.015
JPN,2019-03,-0.095
JPN,2019-04,-0.045
JPN,2019-05,-0.095
JPN,2019-06,-0.165
JPN,2019-07,-0.16
JPN,2019-08,-0.28
JPN,2019-09,-0.215
JPN,2019-10,-0.15
JPN,2019-11,-0.08
JPN,2019-12,-0.025
JPN,2020-01,-0.065
JPN,2020-02,-0.155
JPN,2020-03,0.005
JPN,2020-04,-0.04
JPN,2020-05,0
JPN,2020-06,0.03
JPN,2020-07,0.01
JPN,2020-08,0.045
JPN,2020-09,0.015
JPN,2020-10,0.04
JPN,2020-11,0.03
JPN,2020-12,0.02